<?xml version="1.0" encoding="UTF-8"?>
<beans xmlns="http://www.springframework.org/schema/beans"
       xmlns:xsi="http://www.w3.org/2001/XMLSchema-instance"
       xmlns:context="http://www.springframework.org/schema/context"
       xsi:schemaLocation="http://www.springframework.org/schema/beans http://www.springframework.org/schema/beans/spring-beans.xsd http://www.springframework.org/schema/context https://www.springframework.org/schema/context/spring-context.xsd">
    http://www.springframework.org/schema/beans/spring-beans.xsd
    http://www.springframework.org/schema/context
    http://www.springframework.org/schema/context/spring-context-3.2.xsd">

    <context:annotation-config/>
    <context:component-scan base-package="com.krishantha"/>
    <context:property-placeholder location="application.properties"/>

    <!-- name can be anything like abc or xyz -->
    <bean name="employeeRepository"
          class="com.krishantha.training.salesmanager.repository.HibernateEmployeeRepos
itoryImpl"/>

    <bean name="employeeService"
          class="com.virtusa.training.spring.service.EmployeeServiceImpl">
        <property name="employeeRepository" ref="employeeRepository">
        </property>
    </bean>

    <bean name="employeeService"
          class="com.krishantha.training.salesmanager.service.EmployeeServiceImpl" autowire="constructor" scope="singleton">
        <constructor-arg index="0" ref="employeeRepository">
        </constructor-arg>
    </bean>
</beans>